{
    "total_questions": 105,
    "processed_questions": 73,
    "skipped_questions": 32,
    "remaining_questions": 0,
    "evaluated_questions": 73,
    "final_tp_so_far": 368,
    "final_fp_so_far": 13869,
    "final_fn_so_far": 334,
    "micro_precision_so_far": 0.025848142164781908,
    "micro_recall_so_far": 0.5242165242165242,
    "micro_f1_so_far": 0.049267019211459935,
    "macro_precision_so_far": 0.32833763094278806,
    "macro_recall_so_far": 0.3314307458143074,
    "macro_f1_so_far": 0.3221446902052525,
    "questions_with_f1_less_than_1": 51,
    "elapsed_seconds": 4998.968752145767,
    "done": true,
    "prompt_tokens_so_far": 517301,
    "completion_tokens_so_far": 25491,
    "total_requests_so_far": 544,
    "total_cost_so_far": 0.09288975,
    "language": "ba"
}