{
    "total_questions": 150,
    "processed_questions": 104,
    "skipped_questions": 46,
    "remaining_questions": 0,
    "evaluated_questions": 104,
    "final_tp_so_far": 1082,
    "final_fp_so_far": 6433,
    "final_fn_so_far": 1938,
    "micro_precision_so_far": 0.14397870924817033,
    "micro_recall_so_far": 0.35827814569536426,
    "micro_f1_so_far": 0.2054105363075463,
    "macro_precision_so_far": 0.5129655163142446,
    "macro_recall_so_far": 0.5184044873836192,
    "macro_f1_so_far": 0.49992264900150557,
    "questions_with_f1_less_than_1": 56,
    "elapsed_seconds": 4758.3663675785065,
    "done": true,
    "prompt_tokens_so_far": 826354,
    "completion_tokens_so_far": 34112,
    "total_requests_so_far": 739,
    "total_cost_so_far": 0.14442029999999995,
    "language": "ru"
}