{
    "total_questions": 150,
    "processed_questions": 104,
    "skipped_questions": 46,
    "remaining_questions": 0,
    "evaluated_questions": 104,
    "final_tp_so_far": 1123,
    "final_fp_so_far": 991,
    "final_fn_so_far": 1897,
    "micro_precision_so_far": 0.5312204351939451,
    "micro_recall_so_far": 0.3718543046357616,
    "micro_f1_so_far": 0.43747565251266063,
    "macro_precision_so_far": 0.49410815323877666,
    "macro_recall_so_far": 0.48519237985212427,
    "macro_f1_so_far": 0.46656683356085266,
    "questions_with_f1_less_than_1": 59,
    "elapsed_seconds": 28259.734021663666,
    "done": true,
    "prompt_tokens_so_far": 856672,
    "completion_tokens_so_far": 34132,
    "total_requests_so_far": 661,
    "total_cost_so_far": 0.14898,
    "language": "uk"
}