{
    "total_questions": 150,
    "processed_questions": 104,
    "skipped_questions": 46,
    "remaining_questions": 0,
    "evaluated_questions": 104,
    "final_tp_so_far": 1103,
    "final_fp_so_far": 9667,
    "final_fn_so_far": 1917,
    "micro_precision_so_far": 0.10241411327762302,
    "micro_recall_so_far": 0.3652317880794702,
    "micro_f1_so_far": 0.15997099347353155,
    "macro_precision_so_far": 0.48681872362165657,
    "macro_recall_so_far": 0.47447964198726383,
    "macro_f1_so_far": 0.45355594431979684,
    "questions_with_f1_less_than_1": 63,
    "elapsed_seconds": 7093.533149242401,
    "done": true,
    "prompt_tokens_so_far": 856467,
    "completion_tokens_so_far": 32220,
    "total_requests_so_far": 636,
    "total_cost_so_far": 0.14780205000000002,
    "language": "ru"
}