{
    "total_questions": 140,
    "processed_questions": 98,
    "skipped_questions": 42,
    "remaining_questions": 0,
    "evaluated_questions": 98,
    "final_tp_so_far": 856,
    "final_fp_so_far": 4429,
    "final_fn_so_far": 2152,
    "micro_precision_so_far": 0.1619678334910123,
    "micro_recall_so_far": 0.2845744680851064,
    "micro_f1_so_far": 0.20643916556131678,
    "macro_precision_so_far": 0.4092489378366603,
    "macro_recall_so_far": 0.3997066947774833,
    "macro_f1_so_far": 0.38525415034991806,
    "questions_with_f1_less_than_1": 63,
    "elapsed_seconds": 7006.476208686829,
    "done": true,
    "prompt_tokens_so_far": 773335,
    "completion_tokens_so_far": 33642,
    "total_requests_so_far": 658,
    "total_cost_so_far": 0.13618545000000004,
    "language": "lt"
}