{
    "total_questions": 150,
    "processed_questions": 104,
    "skipped_questions": 46,
    "remaining_questions": 0,
    "evaluated_questions": 104,
    "final_tp_so_far": 1215,
    "final_fp_so_far": 2353,
    "final_fn_so_far": 1805,
    "micro_precision_so_far": 0.34052690582959644,
    "micro_recall_so_far": 0.402317880794702,
    "micro_f1_so_far": 0.36885245901639346,
    "macro_precision_so_far": 0.5032388748638749,
    "macro_recall_so_far": 0.5144750175494214,
    "macro_f1_so_far": 0.49482743662889445,
    "questions_with_f1_less_than_1": 57,
    "elapsed_seconds": 382.0795338153839,
    "done": true,
    "prompt_tokens_so_far": 332039,
    "completion_tokens_so_far": 22465,
    "total_requests_so_far": 457,
    "total_cost_so_far": 0.06328485000000002
}