{
    "total_questions": 150,
    "processed_questions": 104,
    "skipped_questions": 46,
    "remaining_questions": 0,
    "evaluated_questions": 104,
    "final_tp_so_far": 1096,
    "final_fp_so_far": 23856,
    "final_fn_so_far": 1924,
    "micro_precision_so_far": 0.04392433472266752,
    "micro_recall_so_far": 0.3629139072847682,
    "micro_f1_so_far": 0.07836407836407835,
    "macro_precision_so_far": 0.46053977140642843,
    "macro_recall_so_far": 0.47627948639057605,
    "macro_f1_so_far": 0.44638194604738846,
    "questions_with_f1_less_than_1": 63,
    "elapsed_seconds": 27750.15036869049,
    "done": true,
    "prompt_tokens_so_far": 644228,
    "completion_tokens_so_far": 35145,
    "total_requests_so_far": 709,
    "total_cost_so_far": 0.11772119999999996,
    "language": "de"
}