{
    "total_questions": 150,
    "processed_questions": 104,
    "skipped_questions": 46,
    "remaining_questions": 0,
    "evaluated_questions": 104,
    "final_tp_so_far": 1131,
    "final_fp_so_far": 913,
    "final_fn_so_far": 1889,
    "micro_precision_so_far": 0.5533268101761253,
    "micro_recall_so_far": 0.3745033112582781,
    "micro_f1_so_far": 0.44668246445497634,
    "macro_precision_so_far": 0.5266542379020867,
    "macro_recall_so_far": 0.525095611765157,
    "macro_f1_so_far": 0.5089058658615854,
    "questions_with_f1_less_than_1": 57,
    "elapsed_seconds": 6283.524822711945,
    "done": true,
    "prompt_tokens_so_far": 915922,
    "completion_tokens_so_far": 35576,
    "total_requests_so_far": 759,
    "total_cost_so_far": 0.1587339,
    "language": "ru"
}