{
    "total_questions": 150,
    "processed_questions": 104,
    "skipped_questions": 46,
    "remaining_questions": 0,
    "evaluated_questions": 104,
    "final_tp_so_far": 1101,
    "final_fp_so_far": 10156,
    "final_fn_so_far": 1919,
    "micro_precision_so_far": 0.09780580971839745,
    "micro_recall_so_far": 0.36456953642384105,
    "micro_f1_so_far": 0.15423408279050219,
    "macro_precision_so_far": 0.47653076533059224,
    "macro_recall_so_far": 0.4924425720815141,
    "macro_f1_so_far": 0.4465354708923589,
    "questions_with_f1_less_than_1": 65,
    "elapsed_seconds": 28662.701594114304,
    "done": true,
    "prompt_tokens_so_far": 899604,
    "completion_tokens_so_far": 35508,
    "total_requests_so_far": 681,
    "total_cost_so_far": 0.15624539999999998,
    "language": "ru"
}