{
    "total_questions": 140,
    "processed_questions": 98,
    "skipped_questions": 42,
    "remaining_questions": 0,
    "evaluated_questions": 98,
    "final_tp_so_far": 892,
    "final_fp_so_far": 5548,
    "final_fn_so_far": 2116,
    "micro_precision_so_far": 0.13850931677018632,
    "micro_recall_so_far": 0.29654255319148937,
    "micro_f1_so_far": 0.18882303132938189,
    "macro_precision_so_far": 0.45191357572748864,
    "macro_recall_so_far": 0.42872586058334056,
    "macro_f1_so_far": 0.4164126351103969,
    "questions_with_f1_less_than_1": 62,
    "elapsed_seconds": 28333.467314004898,
    "done": true,
    "prompt_tokens_so_far": 751135,
    "completion_tokens_so_far": 35102,
    "total_requests_so_far": 674,
    "total_cost_so_far": 0.13373144999999997,
    "language": "lt"
}