{
    "total_questions": 150,
    "processed_questions": 104,
    "skipped_questions": 46,
    "remaining_questions": 0,
    "evaluated_questions": 104,
    "final_tp_so_far": 1143,
    "final_fp_so_far": 7442,
    "final_fn_so_far": 1877,
    "micro_precision_so_far": 0.13313919627256843,
    "micro_recall_so_far": 0.378476821192053,
    "micro_f1_so_far": 0.196984058595433,
    "macro_precision_so_far": 0.49274829963213956,
    "macro_recall_so_far": 0.5315462689511083,
    "macro_f1_so_far": 0.4743102253865711,
    "questions_with_f1_less_than_1": 62,
    "elapsed_seconds": 6288.909713029861,
    "done": true,
    "prompt_tokens_so_far": 890292,
    "completion_tokens_so_far": 34173,
    "total_requests_so_far": 753,
    "total_cost_so_far": 0.15404759999999987,
    "language": "uk"
}