{
    "total_questions": 150,
    "processed_questions": 104,
    "skipped_questions": 46,
    "remaining_questions": 0,
    "evaluated_questions": 104,
    "final_tp_so_far": 1081,
    "final_fp_so_far": 2101,
    "final_fn_so_far": 1939,
    "micro_precision_so_far": 0.33972344437460716,
    "micro_recall_so_far": 0.3579470198675497,
    "micro_f1_so_far": 0.3485972267010642,
    "macro_precision_so_far": 0.47701823976220303,
    "macro_recall_so_far": 0.4817293069098815,
    "macro_f1_so_far": 0.47101369283771827,
    "questions_with_f1_less_than_1": 59,
    "elapsed_seconds": 6276.080942392349,
    "done": true,
    "prompt_tokens_so_far": 860479,
    "completion_tokens_so_far": 35413,
    "total_requests_so_far": 776,
    "total_cost_so_far": 0.15031965000000003,
    "language": "de"
}