{
    "total_questions": 146,
    "processed_questions": 101,
    "skipped_questions": 45,
    "remaining_questions": 0,
    "evaluated_questions": 101,
    "final_tp_so_far": 1101,
    "final_fp_so_far": 22646,
    "final_fn_so_far": 1860,
    "micro_precision_so_far": 0.04636375121067925,
    "micro_recall_so_far": 0.3718338399189463,
    "micro_f1_so_far": 0.08244720682941441,
    "macro_precision_so_far": 0.43335717152796366,
    "macro_recall_so_far": 0.43243604769475996,
    "macro_f1_so_far": 0.417826630895809,
    "questions_with_f1_less_than_1": 64,
    "elapsed_seconds": 28685.741096258163,
    "done": true,
    "prompt_tokens_so_far": 893885,
    "completion_tokens_so_far": 36182,
    "total_requests_so_far": 698,
    "total_cost_so_far": 0.15579195000000007,
    "language": "be"
}