{
    "total_questions": 150,
    "processed_questions": 104,
    "skipped_questions": 46,
    "remaining_questions": 0,
    "evaluated_questions": 104,
    "final_tp_so_far": 1061,
    "final_fp_so_far": 13301,
    "final_fn_so_far": 1959,
    "micro_precision_so_far": 0.0738755048043448,
    "micro_recall_so_far": 0.35132450331125825,
    "micro_f1_so_far": 0.12208031296743757,
    "macro_precision_so_far": 0.4319442023533809,
    "macro_recall_so_far": 0.4312069788084281,
    "macro_f1_so_far": 0.40597178237822373,
    "questions_with_f1_less_than_1": 67,
    "elapsed_seconds": 7039.013972997665,
    "done": true,
    "prompt_tokens_so_far": 661412,
    "completion_tokens_so_far": 35177,
    "total_requests_so_far": 709,
    "total_cost_so_far": 0.12031799999999995,
    "language": "es"
}