{
    "languages": [
        "de",
        "es",
        "ru",
        "uk",
        "be",
        "lt",
        "ba"
    ],
    "elapsed_seconds": 5000.9856605529785,
    "combined_tp": 6871,
    "combined_fp": 57407,
    "combined_fn": 11880,
    "combined_micro_precision": 0.1068950496281776,
    "combined_micro_recall": 0.3664337901978561,
    "combined_micro_f1": 0.16550843681123462,
    "avg_macro_precision": 0.48576508110855887,
    "avg_macro_recall": 0.4925633557551605,
    "avg_macro_f1": 0.47091984914213203,
    "micro_f1_per_language": {
        "de": 0.35307443365695795,
        "es": 0.13734308921259314,
        "ru": 0.2054105363075463,
        "uk": 0.27297231070815975,
        "be": 0.1199198307538136,
        "lt": 0.21556886227544908,
        "ba": 0.049267019211459935
    },
    "macro_f1_per_language": {
        "de": 0.5007800922438995,
        "es": 0.501379736765183,
        "ru": 0.49992264900150557,
        "uk": 0.486894906335871,
        "be": 0.47744807447006293,
        "lt": 0.5078687949731496,
        "ba": 0.3221446902052525
    },
    "total_prompt_tokens": 5425687,
    "total_completion_tokens": 244859,
    "total_requests": 4957,
    "total_cost": 0.9607684499999999,
    "per_language": {
        "de": {
            "total_questions": 150,
            "processed_questions": 104,
            "skipped_questions": 46,
            "remaining_questions": 0,
            "evaluated_questions": 104,
            "final_tp_so_far": 1091,
            "final_fp_so_far": 2069,
            "final_fn_so_far": 1929,
            "micro_precision_so_far": 0.34525316455696203,
            "micro_recall_so_far": 0.3612582781456954,
            "micro_f1_so_far": 0.35307443365695795,
            "macro_precision_so_far": 0.5058415386823628,
            "macro_recall_so_far": 0.5245142660148004,
            "macro_f1_so_far": 0.5007800922438995,
            "questions_with_f1_less_than_1": 58,
            "elapsed_seconds": 5000.9856605529785,
            "done": true,
            "prompt_tokens_so_far": 831521,
            "completion_tokens_so_far": 31830,
            "total_requests_so_far": 723,
            "total_cost_so_far": 0.14382615,
            "language": "de"
        },
        "es": {
            "total_questions": 150,
            "processed_questions": 104,
            "skipped_questions": 46,
            "remaining_questions": 0,
            "evaluated_questions": 104,
            "final_tp_so_far": 1023,
            "final_fp_so_far": 10854,
            "final_fn_so_far": 1997,
            "micro_precision_so_far": 0.08613286183379641,
            "micro_recall_so_far": 0.3387417218543046,
            "micro_f1_so_far": 0.13734308921259314,
            "macro_precision_so_far": 0.5193326871056239,
            "macro_recall_so_far": 0.5202879194574647,
            "macro_f1_so_far": 0.501379736765183,
            "questions_with_f1_less_than_1": 58,
            "elapsed_seconds": 5000.9856605529785,
            "done": true,
            "prompt_tokens_so_far": 703245,
            "completion_tokens_so_far": 32855,
            "total_requests_so_far": 727,
            "total_cost_so_far": 0.12519975000000003,
            "language": "es"
        },
        "ru": {
            "total_questions": 150,
            "processed_questions": 104,
            "skipped_questions": 46,
            "remaining_questions": 0,
            "evaluated_questions": 104,
            "final_tp_so_far": 1082,
            "final_fp_so_far": 6433,
            "final_fn_so_far": 1938,
            "micro_precision_so_far": 0.14397870924817033,
            "micro_recall_so_far": 0.35827814569536426,
            "micro_f1_so_far": 0.2054105363075463,
            "macro_precision_so_far": 0.5129655163142446,
            "macro_recall_so_far": 0.5184044873836192,
            "macro_f1_so_far": 0.49992264900150557,
            "questions_with_f1_less_than_1": 56,
            "elapsed_seconds": 5000.9856605529785,
            "done": true,
            "prompt_tokens_so_far": 826354,
            "completion_tokens_so_far": 34112,
            "total_requests_so_far": 739,
            "total_cost_so_far": 0.14442029999999995,
            "language": "ru"
        },
        "uk": {
            "total_questions": 150,
            "processed_questions": 104,
            "skipped_questions": 46,
            "remaining_questions": 0,
            "evaluated_questions": 104,
            "final_tp_so_far": 1114,
            "final_fp_so_far": 4028,
            "final_fn_so_far": 1906,
            "micro_precision_so_far": 0.21664721898094128,
            "micro_recall_so_far": 0.36887417218543045,
            "micro_f1_so_far": 0.27297231070815975,
            "macro_precision_so_far": 0.5031865477066949,
            "macro_recall_so_far": 0.5311348411096403,
            "macro_f1_so_far": 0.486894906335871,
            "questions_with_f1_less_than_1": 58,
            "elapsed_seconds": 5000.9856605529785,
            "done": true,
            "prompt_tokens_so_far": 824804,
            "completion_tokens_so_far": 34259,
            "total_requests_so_far": 741,
            "total_cost_so_far": 0.14427600000000002,
            "language": "uk"
        },
        "be": {
            "total_questions": 146,
            "processed_questions": 101,
            "skipped_questions": 45,
            "remaining_questions": 0,
            "evaluated_questions": 101,
            "final_tp_so_far": 1077,
            "final_fp_so_far": 13924,
            "final_fn_so_far": 1884,
            "micro_precision_so_far": 0.07179521365242317,
            "micro_recall_so_far": 0.3637284701114488,
            "micro_f1_so_far": 0.1199198307538136,
            "macro_precision_so_far": 0.4936385772191308,
            "macro_recall_so_far": 0.5002272906772112,
            "macro_f1_so_far": 0.47744807447006293,
            "questions_with_f1_less_than_1": 59,
            "elapsed_seconds": 5000.9856605529785,
            "done": true,
            "prompt_tokens_so_far": 833889,
            "completion_tokens_so_far": 52538,
            "total_requests_so_far": 741,
            "total_cost_so_far": 0.15660614999999997,
            "language": "be"
        },
        "lt": {
            "total_questions": 140,
            "processed_questions": 98,
            "skipped_questions": 42,
            "remaining_questions": 0,
            "evaluated_questions": 98,
            "final_tp_so_far": 1116,
            "final_fp_so_far": 6230,
            "final_fn_so_far": 1892,
            "micro_precision_so_far": 0.15191941192485706,
            "micro_recall_so_far": 0.37101063829787234,
            "micro_f1_so_far": 0.21556886227544908,
            "macro_precision_so_far": 0.5370530697890666,
            "macro_recall_so_far": 0.5219439398290802,
            "macro_f1_so_far": 0.5078687949731496,
            "questions_with_f1_less_than_1": 54,
            "elapsed_seconds": 5000.9856605529785,
            "done": true,
            "prompt_tokens_so_far": 888573,
            "completion_tokens_so_far": 33774,
            "total_requests_so_far": 742,
            "total_cost_so_far": 0.15355035,
            "language": "lt"
        },
        "ba": {
            "total_questions": 105,
            "processed_questions": 73,
            "skipped_questions": 32,
            "remaining_questions": 0,
            "evaluated_questions": 73,
            "final_tp_so_far": 368,
            "final_fp_so_far": 13869,
            "final_fn_so_far": 334,
            "micro_precision_so_far": 0.025848142164781908,
            "micro_recall_so_far": 0.5242165242165242,
            "micro_f1_so_far": 0.049267019211459935,
            "macro_precision_so_far": 0.32833763094278806,
            "macro_recall_so_far": 0.3314307458143074,
            "macro_f1_so_far": 0.3221446902052525,
            "questions_with_f1_less_than_1": 51,
            "elapsed_seconds": 5000.9856605529785,