{
    "total_questions": 140,
    "processed_questions": 98,
    "skipped_questions": 42,
    "remaining_questions": 0,
    "evaluated_questions": 98,
    "final_tp_so_far": 1116,
    "final_fp_so_far": 6230,
    "final_fn_so_far": 1892,
    "micro_precision_so_far": 0.15191941192485706,
    "micro_recall_so_far": 0.37101063829787234,
    "micro_f1_so_far": 0.21556886227544908,
    "macro_precision_so_far": 0.5370530697890666,
    "macro_recall_so_far": 0.5219439398290802,
    "macro_f1_so_far": 0.5078687949731496,
    "questions_with_f1_less_than_1": 54,
    "elapsed_seconds": 4785.575773715973,
    "done": true,
    "prompt_tokens_so_far": 888573,
    "completion_tokens_so_far": 33774,
    "total_requests_so_far": 742,
    "total_cost_so_far": 0.15355035,
    "language": "lt"
}