{
    "total_questions": 150,
    "processed_questions": 104,
    "skipped_questions": 46,
    "remaining_questions": 0,
    "evaluated_questions": 104,
    "final_tp_so_far": 1023,
    "final_fp_so_far": 10854,
    "final_fn_so_far": 1997,
    "micro_precision_so_far": 0.08613286183379641,
    "micro_recall_so_far": 0.3387417218543046,
    "micro_f1_so_far": 0.13734308921259314,
    "macro_precision_so_far": 0.5193326871056239,
    "macro_recall_so_far": 0.5202879194574647,
    "macro_f1_so_far": 0.501379736765183,
    "questions_with_f1_less_than_1": 58,
    "elapsed_seconds": 4740.015723705292,
    "done": true,
    "prompt_tokens_so_far": 703245,
    "completion_tokens_so_far": 32855,
    "total_requests_so_far": 727,
    "total_cost_so_far": 0.12519975000000003,
    "language": "es"
}