{
    "languages": [
        "de",
        "es",
        "ru",
        "uk",
        "be",
        "lt",
        "ba"
    ],
    "elapsed_seconds": 8798.123162269592,
    "combined_tp": 3992,
    "combined_fp": 47303,
    "combined_fn": 14759,
    "combined_micro_precision": 0.07782434935178867,
    "combined_micro_recall": 0.21289531225001332,
    "combined_micro_f1": 0.11398224024212661,
    "avg_macro_precision": 0.28624118761116396,
    "avg_macro_recall": 0.28075484357928265,
    "avg_macro_f1": 0.27259205200930625,
    "micro_f1_per_language": {
        "de": 0.08604170580499719,
        "es": 0.3454874579777605,
        "ru": 0.35938277750124437,
        "uk": 0.26738564522127184,
        "be": 0.057164843621172974,
        "lt": 0.055443609940770584,
        "ba": 0.07110826393337603
    },
    "macro_f1_per_language": {
        "de": 0.3516612062141626,
        "es": 0.2829409622032209,
        "ru": 0.2873077934974636,
        "uk": 0.3051734254010792,
        "be": 0.22223037215051103,
        "lt": 0.29794780398987836,
        "ba": 0.16088280060882798
    },
    "total_prompt_tokens": 0,
    "total_completion_tokens": 0,
    "total_requests": 0,
    "total_cost": 0.0,
    "per_language": {
        "de": {
            "total_questions": 150,
            "processed_questions": 104,
            "skipped_questions": 46,
            "remaining_questions": 0,
            "evaluated_questions": 104,
            "final_tp_so_far": 687,
            "final_fp_so_far": 12262,
            "final_fn_so_far": 2333,
            "micro_precision_so_far": 0.053054289906556494,
            "micro_recall_so_far": 0.22748344370860926,
            "micro_f1_so_far": 0.08604170580499719,
            "macro_precision_so_far": 0.3642001114827202,
            "macro_recall_so_far": 0.3590262996007034,
            "macro_f1_so_far": 0.3516612062141626,
            "questions_with_f1_less_than_1": 70,
            "elapsed_seconds": 8798.123162269592,
            "done": true,
            "prompt_tokens_so_far": 0,
            "completion_tokens_so_far": 0,
            "total_requests_so_far": 0,
            "total_cost_so_far": 0.0,
            "language": "de"
        },
        "es": {
            "total_questions": 150,
            "processed_questions": 104,
            "skipped_questions": 46,
            "remaining_questions": 0,
            "evaluated_questions": 104,
            "final_tp_so_far": 668,
            "final_fp_so_far": 179,
            "final_fn_so_far": 2352,
            "micro_precision_so_far": 0.7886658795749705,
            "micro_recall_so_far": 0.22119205298013245,
            "micro_f1_so_far": 0.3454874579777605,
            "macro_precision_so_far": 0.30355381797689496,
            "macro_recall_so_far": 0.2864037364584774,
            "macro_f1_so_far": 0.2829409622032209,
            "questions_with_f1_less_than_1": 79,
            "elapsed_seconds": 8798.123162269592,
            "done": true,
            "prompt_tokens_so_far": 0,
            "completion_tokens_so_far": 0,
            "total_requests_so_far": 0,
            "total_cost_so_far": 0.0,
            "language": "es"
        },
        "ru": {
            "total_questions": 150,
            "processed_questions": 104,
            "skipped_questions": 46,
            "remaining_questions": 0,
            "evaluated_questions": 104,
            "final_tp_so_far": 722,
            "final_fp_so_far": 276,
            "final_fn_so_far": 2298,
            "micro_precision_so_far": 0.7234468937875751,
            "micro_recall_so_far": 0.2390728476821192,
            "micro_f1_so_far": 0.35938277750124437,
            "macro_precision_so_far": 0.30045218295218296,
            "macro_recall_so_far": 0.30233559447249836,
            "macro_f1_so_far": 0.2873077934974636,
            "questions_with_f1_less_than_1": 78,
            "elapsed_seconds": 8798.123162269592,
            "done": true,
            "prompt_tokens_so_far": 0,
            "completion_tokens_so_far": 0,
            "total_requests_so_far": 0,
            "total_cost_so_far": 0.0,
            "language": "ru"
        },
        "uk": {
            "total_questions": 150,
            "processed_questions": 104,
            "skipped_questions": 46,
            "remaining_questions": 0,
            "evaluated_questions": 104,
            "final_tp_so_far": 719,
            "final_fp_so_far": 1639,
            "final_fn_so_far": 2301,
            "micro_precision_so_far": 0.3049194232400339,
            "micro_recall_so_far": 0.2380794701986755,
            "micro_f1_so_far": 0.26738564522127184,
            "macro_precision_so_far": 0.32105549830115454,
            "macro_recall_so_far": 0.31711819794892204,
            "macro_f1_so_far": 0.3051734254010792,
            "questions_with_f1_less_than_1": 76,
            "elapsed_seconds": 8798.123162269592,
            "done": true,
            "prompt_tokens_so_far": 0,
            "completion_tokens_so_far": 0,
            "total_requests_so_far": 0,
            "total_cost_so_far": 0.0,
            "language": "uk"
        },
        "be": {
            "total_questions": 146,
            "processed_questions": 101,
            "skipped_questions": 45,
            "remaining_questions": 0,
            "evaluated_questions": 101,
            "final_tp_so_far": 520,
            "final_fp_so_far": 14712,
            "final_fn_so_far": 2441,
            "micro_precision_so_far": 0.03413865546218487,
            "micro_recall_so_far": 0.1756163458291118,
            "micro_f1_so_far": 0.057164843621172974,
            "macro_precision_so_far": 0.244132156928184,
            "macro_recall_so_far": 0.2396490068577331,
            "macro_f1_so_far": 0.22223037215051103,
            "questions_with_f1_less_than_1": 81,
            "elapsed_seconds": 8798.123162269592,
            "done": true,
            "prompt_tokens_so_far": 0,
            "completion_tokens_so_far": 0,
            "total_requests_so_far": 0,
            "total_cost_so_far": 0.0,
            "language": "be"
        },
        "lt": {
            "total_questions": 140,
            "processed_questions": 98,
            "skipped_questions": 42,
            "remaining_questions": 0,
            "evaluated_questions": 98,
            "final_tp_so_far": 454,
            "final_fp_so_far": 12915,
            "final_fn_so_far": 2554,
            "micro_precision_so_far": 0.0339591592490089,
            "micro_recall_so_far": 0.15093085106382978,
            "micro_f1_so_far": 0.055443609940770584,
            "macro_precision_so_far": 0.30952380952380953,
            "macro_recall_so_far": 0.2997536863089175,
            "macro_f1_so_far": 0.29794780398987836,
            "questions_with_f1_less_than_1": 72,
            "elapsed_seconds": 8798.123162269592,
            "done": true,
            "prompt_tokens_so_far": 0,
            "completion_tokens_so_far": 0,
            "total_requests_so_far": 0,
            "total_cost_so_far": 0.0,
            "language": "lt"
        },
        "ba": {
            "total_questions": 105,
            "processed_questions": 73,
            "skipped_questions": 32,
            "remaining_questions": 0,
            "evaluated_questions": 73,
            "final_tp_so_far": 222,
            "final_fp_so_far": 5320,
            "final_fn_so_far": 480,
            "micro_precision_so_far": 0.04005774088776615,
            "micro_recall_so_far": 0.3162393162393162,
            "micro_f1_so_far": 0.07110826393337603,
            "macro_precision_so_far": 0.1607707361132019,
            "macro_recall_so_far": 0.16099738340772665,
            "macro_f1_so_far": 0.16088280060882798,
            "questions_with_f1_less_than_1": 62,
            "elapsed_seconds": 8798.123162269592,
            "done": true,
            "prompt_tokens_so_far": 0,
            "completion_tokens_so_far": 0,
            "total_requests_so_far": 0,
            "total_cost_so_far": 0.0,