{
    "total_questions": 146,
    "processed_questions": 101,
    "skipped_questions": 45,
    "remaining_questions": 0,
    "evaluated_questions": 101,
    "final_tp_so_far": 1076,
    "final_fp_so_far": 10322,
    "final_fn_so_far": 1885,
    "micro_precision_so_far": 0.09440252675908054,
    "micro_recall_so_far": 0.3633907463694698,
    "micro_f1_so_far": 0.14987116094435546,
    "macro_precision_so_far": 0.40396360717152796,
    "macro_recall_so_far": 0.40410821491148163,
    "macro_f1_so_far": 0.38899727737222134,
    "questions_with_f1_less_than_1": 66,
    "elapsed_seconds": 6835.273178815842,
    "done": true,
    "prompt_tokens_so_far": 713816,
    "completion_tokens_so_far": 32206,
    "total_requests_so_far": 633,
    "total_cost_so_far": 0.126396,
    "language": "be"
}