{
    "total_questions": 150,
    "processed_questions": 104,
    "skipped_questions": 46,
    "remaining_questions": 0,
    "evaluated_questions": 104,
    "final_tp_so_far": 1197,
    "final_fp_so_far": 1126,
    "final_fn_so_far": 1823,
    "micro_precision_so_far": 0.5152819629789066,
    "micro_recall_so_far": 0.3963576158940397,
    "micro_f1_so_far": 0.4480628860190904,
    "macro_precision_so_far": 0.46932051282051285,
    "macro_recall_so_far": 0.46639809447249836,
    "macro_f1_so_far": 0.4615323666926105,
    "questions_with_f1_less_than_1": 60,
    "elapsed_seconds": 290.2665855884552,
    "done": true,
    "prompt_tokens_so_far": 275250,
    "completion_tokens_so_far": 16641,
    "total_requests_so_far": 332,
    "total_cost_so_far": 0.10574639999999999
}