{
    "total_questions": 150,
    "processed_questions": 104,
    "skipped_questions": 46,
    "remaining_questions": 0,
    "evaluated_questions": 104,
    "final_tp_so_far": 1105,
    "final_fp_so_far": 422,
    "final_fn_so_far": 1915,
    "micro_precision_so_far": 0.7236411263916176,
    "micro_recall_so_far": 0.3658940397350993,
    "micro_f1_so_far": 0.48603474818561687,
    "macro_precision_so_far": 0.5495994439195797,
    "macro_recall_so_far": 0.5524508514881507,
    "macro_f1_so_far": 0.5375611502512361,
    "questions_with_f1_less_than_1": 54,
    "elapsed_seconds": 714.8263611793518,
    "done": true,
    "prompt_tokens_so_far": 663341,
    "completion_tokens_so_far": 32435,
    "total_requests_so_far": 733,
    "total_cost_so_far": 0.11896214999999999
}