{
    "total_questions": 150,
    "processed_questions": 104,
    "skipped_questions": 46,
    "remaining_questions": 0,
    "evaluated_questions": 104,
    "final_tp_so_far": 809,
    "final_fp_so_far": 3059,
    "final_fn_so_far": 2211,
    "micro_precision_so_far": 0.20915201654601862,
    "micro_recall_so_far": 0.2678807947019868,
    "micro_f1_so_far": 0.23490127758420443,
    "macro_precision_so_far": 0.4287987522151535,
    "macro_recall_so_far": 0.4384067745467525,
    "macro_f1_so_far": 0.40322907355052623,
    "questions_with_f1_less_than_1": 67,
    "elapsed_seconds": 28492.518260717392,
    "done": true,
    "prompt_tokens_so_far": 812720,
    "completion_tokens_so_far": 34116,
    "total_requests_so_far": 687,
    "total_cost_so_far": 0.14237760000000002,
    "language": "es"
}