{
    "total_questions": 150,
    "processed_questions": 104,
    "skipped_questions": 46,
    "remaining_questions": 0,
    "evaluated_questions": 104,
    "final_tp_so_far": 1091,
    "final_fp_so_far": 2069,
    "final_fn_so_far": 1929,
    "micro_precision_so_far": 0.34525316455696203,
    "micro_recall_so_far": 0.3612582781456954,
    "micro_f1_so_far": 0.35307443365695795,
    "macro_precision_so_far": 0.5058415386823628,
    "macro_recall_so_far": 0.5245142660148004,
    "macro_f1_so_far": 0.5007800922438995,
    "questions_with_f1_less_than_1": 58,
    "elapsed_seconds": 4735.776028394699,
    "done": true,
    "prompt_tokens_so_far": 831521,
    "completion_tokens_so_far": 31830,
    "total_requests_so_far": 723,
    "total_cost_so_far": 0.14382615,
    "language": "de"
}