{
    "total_questions": 140,
    "processed_questions": 98,
    "skipped_questions": 42,
    "remaining_questions": 0,
    "evaluated_questions": 98,
    "final_tp_so_far": 1153,
    "final_fp_so_far": 3767,
    "final_fn_so_far": 1855,
    "micro_precision_so_far": 0.23434959349593495,
    "micro_recall_so_far": 0.38331117021276595,
    "micro_f1_so_far": 0.29086781029263364,
    "macro_precision_so_far": 0.5191472869573976,
    "macro_recall_so_far": 0.5310683761204505,
    "macro_f1_so_far": 0.5100408962816932,
    "questions_with_f1_less_than_1": 53,
    "elapsed_seconds": 6292.668496847153,
    "done": true,
    "prompt_tokens_so_far": 803682,
    "completion_tokens_so_far": 34212,
    "total_requests_so_far": 756,
    "total_cost_so_far": 0.1410795,
    "language": "lt"
}