{
    "total_questions": 146,
    "processed_questions": 101,
    "skipped_questions": 45,
    "remaining_questions": 0,
    "evaluated_questions": 101,
    "final_tp_so_far": 1077,
    "final_fp_so_far": 13924,
    "final_fn_so_far": 1884,
    "micro_precision_so_far": 0.07179521365242317,
    "micro_recall_so_far": 0.3637284701114488,
    "micro_f1_so_far": 0.1199198307538136,
    "macro_precision_so_far": 0.4936385772191308,
    "macro_recall_so_far": 0.5002272906772112,
    "macro_f1_so_far": 0.47744807447006293,
    "questions_with_f1_less_than_1": 59,
    "elapsed_seconds": 4708.213266134262,
    "done": true,
    "prompt_tokens_so_far": 833889,
    "completion_tokens_so_far": 52538,
    "total_requests_so_far": 741,
    "total_cost_so_far": 0.15660614999999997,
    "language": "be"
}