{
    "total_questions": 105,
    "processed_questions": 73,
    "skipped_questions": 32,
    "remaining_questions": 0,
    "evaluated_questions": 73,
    "final_tp_so_far": 396,
    "final_fp_so_far": 24431,
    "final_fn_so_far": 306,
    "micro_precision_so_far": 0.01595037660611431,
    "micro_recall_so_far": 0.5641025641025641,
    "micro_f1_so_far": 0.0310235418543617,
    "macro_precision_so_far": 0.31474700285615526,
    "macro_recall_so_far": 0.3150684931506849,
    "macro_f1_so_far": 0.3080673400292796,
    "questions_with_f1_less_than_1": 52,
    "elapsed_seconds": 7030.222384929657,
    "done": true,
    "prompt_tokens_so_far": 490450,
    "completion_tokens_so_far": 22593,
    "total_requests_so_far": 433,
    "total_cost_so_far": 0.0871233,
    "language": "ba"
}