{
    "total_questions": 105,
    "processed_questions": 73,
    "skipped_questions": 32,
    "remaining_questions": 0,
    "evaluated_questions": 73,
    "final_tp_so_far": 219,
    "final_fp_so_far": 10472,
    "final_fn_so_far": 483,
    "micro_precision_so_far": 0.020484519689458424,
    "micro_recall_so_far": 0.31196581196581197,
    "micro_f1_so_far": 0.03844465900114105,
    "macro_precision_so_far": 0.31464174053182914,
    "macro_recall_so_far": 0.31347374001675987,
    "macro_f1_so_far": 0.29535504532843104,
    "questions_with_f1_less_than_1": 53,
    "elapsed_seconds": 6301.645881175995,
    "done": true,
    "prompt_tokens_so_far": 735404,
    "completion_tokens_so_far": 25484,
    "total_requests_so_far": 569,
    "total_cost_so_far": 0.125601,
    "language": "ba"
}