{
    "languages": [
        "de",
        "es",
        "ru",
        "uk",
        "be",
        "lt",
        "ba"
    ],
    "elapsed_seconds": 28687.746759414673,
    "combined_tp": 6555,
    "combined_fp": 95893,
    "combined_fn": 12196,
    "combined_micro_precision": 0.06398367952522255,
    "combined_micro_recall": 0.34958135566103143,
    "combined_micro_f1": 0.10816920931690856,
    "avg_macro_precision": 0.4411923372302032,
    "avg_macro_recall": 0.44749693641986027,
    "avg_macro_f1": 0.4201559752713336,
    "micro_f1_per_language": {
        "de": 0.07836407836407835,
        "es": 0.23490127758420443,
        "ru": 0.15423408279050219,
        "uk": 0.43747565251266063,
        "be": 0.08244720682941441,
        "lt": 0.18882303132938189,
        "ba": 0.028142467177953986
    },
    "macro_f1_per_language": {
        "de": 0.44638194604738846,
        "es": 0.40322907355052623,
        "ru": 0.4465354708923589,
        "uk": 0.46656683356085266,
        "be": 0.417826630895809,
        "lt": 0.4164126351103969,
        "ba": 0.34413923684200287
    },
    "total_prompt_tokens": 5534826,
    "total_completion_tokens": 234287,
    "total_requests": 4572,
    "total_cost": 0.9707961,
    "per_language": {
        "de": {
            "total_questions": 150,
            "processed_questions": 104,
            "skipped_questions": 46,
            "remaining_questions": 0,
            "evaluated_questions": 104,
            "final_tp_so_far": 1096,
            "final_fp_so_far": 23856,
            "final_fn_so_far": 1924,
            "micro_precision_so_far": 0.04392433472266752,
            "micro_recall_so_far": 0.3629139072847682,
            "micro_f1_so_far": 0.07836407836407835,
            "macro_precision_so_far": 0.46053977140642843,
            "macro_recall_so_far": 0.47627948639057605,
            "macro_f1_so_far": 0.44638194604738846,
            "questions_with_f1_less_than_1": 63,
            "elapsed_seconds": 28687.746759414673,
            "done": true,
            "prompt_tokens_so_far": 644228,
            "completion_tokens_so_far": 35145,
            "total_requests_so_far": 709,
            "total_cost_so_far": 0.11772119999999996,
            "language": "de"
        },
        "es": {
            "total_questions": 150,
            "processed_questions": 104,
            "skipped_questions": 46,
            "remaining_questions": 0,
            "evaluated_questions": 104,
            "final_tp_so_far": 809,
            "final_fp_so_far": 3059,
            "final_fn_so_far": 2211,
            "micro_precision_so_far": 0.20915201654601862,
            "micro_recall_so_far": 0.2678807947019868,
            "micro_f1_so_far": 0.23490127758420443,
            "macro_precision_so_far": 0.4287987522151535,
            "macro_recall_so_far": 0.4384067745467525,
            "macro_f1_so_far": 0.40322907355052623,
            "questions_with_f1_less_than_1": 67,
            "elapsed_seconds": 28687.746759414673,
            "done": true,
            "prompt_tokens_so_far": 812720,
            "completion_tokens_so_far": 34116,
            "total_requests_so_far": 687,
            "total_cost_so_far": 0.14237760000000002,
            "language": "es"
        },
        "ru": {
            "total_questions": 150,
            "processed_questions": 104,
            "skipped_questions": 46,
            "remaining_questions": 0,
            "evaluated_questions": 104,
            "final_tp_so_far": 1101,
            "final_fp_so_far": 10156,
            "final_fn_so_far": 1919,
            "micro_precision_so_far": 0.09780580971839745,
            "micro_recall_so_far": 0.36456953642384105,
            "micro_f1_so_far": 0.15423408279050219,
            "macro_precision_so_far": 0.47653076533059224,
            "macro_recall_so_far": 0.4924425720815141,
            "macro_f1_so_far": 0.4465354708923589,
            "questions_with_f1_less_than_1": 65,
            "elapsed_seconds": 28687.746759414673,
            "done": true,
            "prompt_tokens_so_far": 899604,
            "completion_tokens_so_far": 35508,
            "total_requests_so_far": 681,
            "total_cost_so_far": 0.15624539999999998,
            "language": "ru"
        },
        "uk": {
            "total_questions": 150,
            "processed_questions": 104,
            "skipped_questions": 46,
            "remaining_questions": 0,
            "evaluated_questions": 104,
            "final_tp_so_far": 1123,
            "final_fp_so_far": 991,
            "final_fn_so_far": 1897,
            "micro_precision_so_far": 0.5312204351939451,
            "micro_recall_so_far": 0.3718543046357616,
            "micro_f1_so_far": 0.43747565251266063,
            "macro_precision_so_far": 0.49410815323877666,
            "macro_recall_so_far": 0.48519237985212427,
            "macro_f1_so_far": 0.46656683356085266,
            "questions_with_f1_less_than_1": 59,
            "elapsed_seconds": 28687.746759414673,
            "done": true,
            "prompt_tokens_so_far": 856672,
            "completion_tokens_so_far": 34132,
            "total_requests_so_far": 661,
            "total_cost_so_far": 0.14898,
            "language": "uk"
        },
        "be": {
            "total_questions": 146,
            "processed_questions": 101,
            "skipped_questions": 45,
            "remaining_questions": 0,
            "evaluated_questions": 101,
            "final_tp_so_far": 1101,
            "final_fp_so_far": 22646,
            "final_fn_so_far": 1860,
            "micro_precision_so_far": 0.04636375121067925,
            "micro_recall_so_far": 0.3718338399189463,
            "micro_f1_so_far": 0.08244720682941441,
            "macro_precision_so_far": 0.43335717152796366,
            "macro_recall_so_far": 0.43243604769475996,
            "macro_f1_so_far": 0.417826630895809,
            "questions_with_f1_less_than_1": 64,
            "elapsed_seconds": 28687.746759414673,
            "done": true,
            "prompt_tokens_so_far": 893885,
            "completion_tokens_so_far": 36182,
            "total_requests_so_far": 698,
            "total_cost_so_far": 0.15579195000000007,
            "language": "be"
        },
        "lt": {
            "total_questions": 140,
            "processed_questions": 98,
            "skipped_questions": 42,
            "remaining_questions": 0,
            "evaluated_questions": 98,
            "final_tp_so_far": 892,
            "final_fp_so_far": 5548,
            "final_fn_so_far": 2116,
            "micro_precision_so_far": 0.13850931677018632,
            "micro_recall_so_far": 0.29654255319148937,
            "micro_f1_so_far": 0.18882303132938189,
            "macro_precision_so_far": 0.45191357572748864,
            "macro_recall_so_far": 0.42872586058334056,
            "macro_f1_so_far": 0.4164126351103969,
            "questions_with_f1_less_than_1": 62,
            "elapsed_seconds": 28687.746759414673,
            "done": true,
            "prompt_tokens_so_far": 751135,
            "completion_tokens_so_far": 35102,
            "total_requests_so_far": 674,
            "total_cost_so_far": 0.13373144999999997,
            "language": "lt"
        },
        "ba": {
            "total_questions": 105,
            "processed_questions": 73,
            "skipped_questions": 32,
            "remaining_questions": 0,
            "evaluated_questions": 73,
            "final_tp_so_far": 433,
            "final_fp_so_far": 29637,
            "final_fn_so_far": 269,
            "micro_precision_so_far": 0.014399733954107083,
            "micro_recall_so_far": 0.6168091168091168,
            "micro_f1_so_far": 0.028142467177953986,
            "macro_precision_so_far": 0.343098171165019,
            "macro_recall_so_far": 0.3789954337899543,
            "macro_f1_so_far": 0.34413923684200287,
            "questions_with_f1_less_than_1": 49,
            "elapsed_seconds": 28687.746759414673,