{
    "total_questions": 150,
    "processed_questions": 104,
    "skipped_questions": 46,
    "remaining_questions": 0,
    "evaluated_questions": 104,
    "final_tp_so_far": 1114,
    "final_fp_so_far": 4028,
    "final_fn_so_far": 1906,
    "micro_precision_so_far": 0.21664721898094128,
    "micro_recall_so_far": 0.36887417218543045,
    "micro_f1_so_far": 0.27297231070815975,
    "macro_precision_so_far": 0.5031865477066949,
    "macro_recall_so_far": 0.5311348411096403,
    "macro_f1_so_far": 0.486894906335871,
    "questions_with_f1_less_than_1": 58,
    "elapsed_seconds": 4762.111075162888,
    "done": true,
    "prompt_tokens_so_far": 824804,
    "completion_tokens_so_far": 34259,
    "total_requests_so_far": 741,
    "total_cost_so_far": 0.14427600000000002,
    "language": "uk"
}