{
    "total_questions": 146,
    "processed_questions": 101,
    "skipped_questions": 45,
    "remaining_questions": 0,
    "evaluated_questions": 101,
    "final_tp_so_far": 1044,
    "final_fp_so_far": 12050,
    "final_fn_so_far": 1917,
    "micro_precision_so_far": 0.07973117458377883,
    "micro_recall_so_far": 0.3525835866261398,
    "micro_f1_so_far": 0.1300529430084086,
    "macro_precision_so_far": 0.4822582508250825,
    "macro_recall_so_far": 0.47536442703235604,
    "macro_f1_so_far": 0.4640894006040654,
    "questions_with_f1_less_than_1": 60,
    "elapsed_seconds": 6250.601172208786,
    "done": true,
    "prompt_tokens_so_far": 903548,
    "completion_tokens_so_far": 33962,
    "total_requests_so_far": 739,
    "total_cost_so_far": 0.1559094,
    "language": "be"
}