{
    "languages": [
        "de",
        "es",
        "ru",
        "uk",
        "be",
        "lt",
        "ba"
    ],
    "elapsed_seconds": 7100.400798082352,
    "combined_tp": 6473,
    "combined_fp": 74306,
    "combined_fn": 12278,
    "combined_micro_precision": 0.08013221258000224,
    "combined_micro_recall": 0.34520825555970347,
    "combined_micro_f1": 0.13007133527579626,
    "avg_macro_precision": 0.4282672331101672,
    "avg_macro_recall": 0.424807979462864,
    "avg_macro_f1": 0.4088424551782418,
    "micro_f1_per_language": {
        "de": 0.11525468636152879,
        "es": 0.12208031296743757,
        "ru": 0.15997099347353155,
        "uk": 0.4374015748031496,
        "be": 0.14987116094435546,
        "lt": 0.20643916556131678,
        "ba": 0.0310235418543617
    },
    "macro_f1_per_language": {
        "de": 0.45125788009336415,
        "es": 0.40597178237822373,
        "ru": 0.45355594431979684,
        "uk": 0.46879281170488885,
        "be": 0.38899727737222134,
        "lt": 0.38525415034991806,
        "ba": 0.3080673400292796
    },
    "total_prompt_tokens": 5174449,
    "total_completion_tokens": 223095,
    "total_requests": 4438,
    "total_cost": 0.9100243499999999,
    "per_language": {
        "de": {
            "total_questions": 150,
            "processed_questions": 104,
            "skipped_questions": 46,
            "remaining_questions": 0,
            "evaluated_questions": 104,
            "final_tp_so_far": 870,
            "final_fp_so_far": 11207,
            "final_fn_so_far": 2150,
            "micro_precision_so_far": 0.0720377577212884,
            "micro_recall_so_far": 0.28807947019867547,
            "micro_f1_so_far": 0.11525468636152879,
            "macro_precision_so_far": 0.46502680691497467,
            "macro_recall_so_far": 0.4634275910948605,
            "macro_f1_so_far": 0.45125788009336415,
            "questions_with_f1_less_than_1": 62,
            "elapsed_seconds": 7100.400798082352,
            "done": true,
            "prompt_tokens_so_far": 702858,
            "completion_tokens_so_far": 32379,
            "total_requests_so_far": 693,
            "total_cost_so_far": 0.12485609999999997,
            "language": "de"
        },
        "es": {
            "total_questions": 150,
            "processed_questions": 104,
            "skipped_questions": 46,
            "remaining_questions": 0,
            "evaluated_questions": 104,
            "final_tp_so_far": 1061,
            "final_fp_so_far": 13301,
            "final_fn_so_far": 1959,
            "micro_precision_so_far": 0.0738755048043448,
            "micro_recall_so_far": 0.35132450331125825,
            "micro_f1_so_far": 0.12208031296743757,
            "macro_precision_so_far": 0.4319442023533809,
            "macro_recall_so_far": 0.4312069788084281,
            "macro_f1_so_far": 0.40597178237822373,
            "questions_with_f1_less_than_1": 67,
            "elapsed_seconds": 7100.400798082352,
            "done": true,
            "prompt_tokens_so_far": 661412,
            "completion_tokens_so_far": 35177,
            "total_requests_so_far": 709,
            "total_cost_so_far": 0.12031799999999995,
            "language": "es"
        },
        "ru": {
            "total_questions": 150,
            "processed_questions": 104,
            "skipped_questions": 46,
            "remaining_questions": 0,
            "evaluated_questions": 104,
            "final_tp_so_far": 1103,
            "final_fp_so_far": 9667,
            "final_fn_so_far": 1917,
            "micro_precision_so_far": 0.10241411327762302,
            "micro_recall_so_far": 0.3652317880794702,
            "micro_f1_so_far": 0.15997099347353155,
            "macro_precision_so_far": 0.48681872362165657,
            "macro_recall_so_far": 0.47447964198726383,
            "macro_f1_so_far": 0.45355594431979684,
            "questions_with_f1_less_than_1": 63,
            "elapsed_seconds": 7100.400798082352,
            "done": true,
            "prompt_tokens_so_far": 856467,
            "completion_tokens_so_far": 32220,
            "total_requests_so_far": 636,
            "total_cost_so_far": 0.14780205000000002,
            "language": "ru"
        },
        "uk": {
            "total_questions": 150,
            "processed_questions": 104,
            "skipped_questions": 46,
            "remaining_questions": 0,
            "evaluated_questions": 104,
            "final_tp_so_far": 1111,
            "final_fp_so_far": 949,
            "final_fn_so_far": 1909,
            "micro_precision_so_far": 0.5393203883495146,
            "micro_recall_so_far": 0.36788079470198676,
            "micro_f1_so_far": 0.4374015748031496,
            "macro_precision_so_far": 0.4861213510168146,
            "macro_recall_so_far": 0.4856582415098464,
            "macro_f1_so_far": 0.46879281170488885,
            "questions_with_f1_less_than_1": 59,
            "elapsed_seconds": 7100.400798082352,
            "done": true,
            "prompt_tokens_so_far": 976111,
            "completion_tokens_so_far": 34878,
            "total_requests_so_far": 676,
            "total_cost_so_far": 0.16734344999999992,
            "language": "uk"
        },
        "be": {
            "total_questions": 146,
            "processed_questions": 101,
            "skipped_questions": 45,
            "remaining_questions": 0,
            "evaluated_questions": 101,
            "final_tp_so_far": 1076,
            "final_fp_so_far": 10322,
            "final_fn_so_far": 1885,
            "micro_precision_so_far": 0.09440252675908054,
            "micro_recall_so_far": 0.3633907463694698,
            "micro_f1_so_far": 0.14987116094435546,
            "macro_precision_so_far": 0.40396360717152796,
            "macro_recall_so_far": 0.40410821491148163,
            "macro_f1_so_far": 0.38899727737222134,
            "questions_with_f1_less_than_1": 66,
            "elapsed_seconds": 7100.400798082352,
            "done": true,
            "prompt_tokens_so_far": 713816,
            "completion_tokens_so_far": 32206,
            "total_requests_so_far": 633,
            "total_cost_so_far": 0.126396,
            "language": "be"
        },
        "lt": {
            "total_questions": 140,
            "processed_questions": 98,
            "skipped_questions": 42,
            "remaining_questions": 0,
            "evaluated_questions": 98,
            "final_tp_so_far": 856,
            "final_fp_so_far": 4429,
            "final_fn_so_far": 2152,
            "micro_precision_so_far": 0.1619678334910123,
            "micro_recall_so_far": 0.2845744680851064,
            "micro_f1_so_far": 0.20643916556131678,
            "macro_precision_so_far": 0.4092489378366603,
            "macro_recall_so_far": 0.3997066947774833,
            "macro_f1_so_far": 0.38525415034991806,
            "questions_with_f1_less_than_1": 63,
            "elapsed_seconds": 7100.400798082352,
            "done": true,
            "prompt_tokens_so_far": 773335,
            "completion_tokens_so_far": 33642,
            "total_requests_so_far": 658,
            "total_cost_so_far": 0.13618545000000004,
            "language": "lt"
        },
        "ba": {
            "total_questions": 105,
            "processed_questions": 73,
            "skipped_questions": 32,
            "remaining_questions": 0,
            "evaluated_questions": 73,
            "final_tp_so_far": 396,
            "final_fp_so_far": 24431,
            "final_fn_so_far": 306,
            "micro_precision_so_far": 0.01595037660611431,
            "micro_recall_so_far": 0.5641025641025641,
            "micro_f1_so_far": 0.0310235418543617,
            "macro_precision_so_far": 0.31474700285615526,
            "macro_recall_so_far": 0.3150684931506849,
            "macro_f1_so_far": 0.3080673400292796,
            "questions_with_f1_less_than_1": 52,
            "elapsed_seconds": 7100.400798082352,