{
    "total_questions": 105,
    "processed_questions": 73,
    "skipped_questions": 32,
    "remaining_questions": 0,
    "evaluated_questions": 73,
    "final_tp_so_far": 433,
    "final_fp_so_far": 29637,
    "final_fn_so_far": 269,
    "micro_precision_so_far": 0.014399733954107083,
    "micro_recall_so_far": 0.6168091168091168,
    "micro_f1_so_far": 0.028142467177953986,
    "macro_precision_so_far": 0.343098171165019,
    "macro_recall_so_far": 0.3789954337899543,
    "macro_f1_so_far": 0.34413923684200287,
    "questions_with_f1_less_than_1": 49,
    "elapsed_seconds": 28362.41532588005,
    "done": true,
    "prompt_tokens_so_far": 676582,
    "completion_tokens_so_far": 24102,
    "total_requests_so_far": 462,
    "total_cost_so_far": 0.11594850000000002,
    "language": "ba"
}