{
    "total_questions": 150,
    "processed_questions": 104,
    "skipped_questions": 46,
    "remaining_questions": 0,
    "evaluated_questions": 104,
    "final_tp_so_far": 870,
    "final_fp_so_far": 11207,
    "final_fn_so_far": 2150,
    "micro_precision_so_far": 0.0720377577212884,
    "micro_recall_so_far": 0.28807947019867547,
    "micro_f1_so_far": 0.11525468636152879,
    "macro_precision_so_far": 0.46502680691497467,
    "macro_recall_so_far": 0.4634275910948605,
    "macro_f1_so_far": 0.45125788009336415,
    "questions_with_f1_less_than_1": 62,
    "elapsed_seconds": 6976.164597988129,
    "done": true,
    "prompt_tokens_so_far": 702858,
    "completion_tokens_so_far": 32379,
    "total_requests_so_far": 693,
    "total_cost_so_far": 0.12485609999999997,
    "language": "de"
}