{
    "total_questions": 150,
    "processed_questions": 104,
    "skipped_questions": 46,
    "remaining_questions": 0,
    "evaluated_questions": 104,
    "final_tp_so_far": 1093,
    "final_fp_so_far": 14098,
    "final_fn_so_far": 1927,
    "micro_precision_so_far": 0.07195049700480548,
    "micro_recall_so_far": 0.3619205298013245,
    "micro_f1_so_far": 0.12003734006918894,
    "macro_precision_so_far": 0.4974075349196803,
    "macro_recall_so_far": 0.504437779088258,
    "macro_f1_so_far": 0.47649108142216134,
    "questions_with_f1_less_than_1": 59,
    "elapsed_seconds": 6276.719062805176,
    "done": true,
    "prompt_tokens_so_far": 740900,
    "completion_tokens_so_far": 31714,
    "total_requests_so_far": 715,
    "total_cost_so_far": 0.13016340000000007,
    "language": "es"
}