{
    "languages": [
        "de",
        "es",
        "ru",
        "uk",
        "be",
        "lt",
        "ba"
    ],
    "elapsed_seconds": 6303.658750534058,
    "combined_tp": 6864,
    "combined_fp": 50843,
    "combined_fn": 11887,
    "combined_micro_precision": 0.11894570849290381,
    "combined_micro_recall": 0.36606047677457204,
    "combined_micro_f1": 0.1795495566193204,
    "avg_macro_precision": 0.4728393700757741,
    "avg_macro_recall": 0.48038792998342444,
    "avg_macro_f1": 0.45717231538888947,
    "micro_f1_per_language": {
        "de": 0.3485972267010642,
        "es": 0.12003734006918894,
        "ru": 0.44668246445497634,
        "uk": 0.196984058595433,
        "be": 0.1300529430084086,
        "lt": 0.29086781029263364,
        "ba": 0.03844465900114105
    },
    "macro_f1_per_language": {
        "de": 0.47101369283771827,
        "es": 0.47649108142216134,
        "ru": 0.5089058658615854,
        "uk": 0.4743102253865711,
        "be": 0.4640894006040654,
        "lt": 0.5100408962816932,
        "ba": 0.29535504532843104
    },
    "total_prompt_tokens": 5850227,
    "total_completion_tokens": 230534,
    "total_requests": 5067,
    "total_cost": 1.01585445,
    "per_language": {
        "de": {
            "total_questions": 150,
            "processed_questions": 104,
            "skipped_questions": 46,
            "remaining_questions": 0,
            "evaluated_questions": 104,
            "final_tp_so_far": 1081,
            "final_fp_so_far": 2101,
            "final_fn_so_far": 1939,
            "micro_precision_so_far": 0.33972344437460716,
            "micro_recall_so_far": 0.3579470198675497,
            "micro_f1_so_far": 0.3485972267010642,
            "macro_precision_so_far": 0.47701823976220303,
            "macro_recall_so_far": 0.4817293069098815,
            "macro_f1_so_far": 0.47101369283771827,
            "questions_with_f1_less_than_1": 59,
            "elapsed_seconds": 6303.658750534058,
            "done": true,
            "prompt_tokens_so_far": 860479,
            "completion_tokens_so_far": 35413,
            "total_requests_so_far": 776,
            "total_cost_so_far": 0.15031965000000003,
            "language": "de"
        },
        "es": {
            "total_questions": 150,
            "processed_questions": 104,
            "skipped_questions": 46,
            "remaining_questions": 0,
            "evaluated_questions": 104,
            "final_tp_so_far": 1093,
            "final_fp_so_far": 14098,
            "final_fn_so_far": 1927,
            "micro_precision_so_far": 0.07195049700480548,
            "micro_recall_so_far": 0.3619205298013245,
            "micro_f1_so_far": 0.12003734006918894,
            "macro_precision_so_far": 0.4974075349196803,
            "macro_recall_so_far": 0.504437779088258,
            "macro_f1_so_far": 0.47649108142216134,
            "questions_with_f1_less_than_1": 59,
            "elapsed_seconds": 6303.658750534058,
            "done": true,
            "prompt_tokens_so_far": 740900,
            "completion_tokens_so_far": 31714,
            "total_requests_so_far": 715,
            "total_cost_so_far": 0.13016340000000007,
            "language": "es"
        },
        "ru": {
            "total_questions": 150,
            "processed_questions": 104,
            "skipped_questions": 46,
            "remaining_questions": 0,
            "evaluated_questions": 104,
            "final_tp_so_far": 1131,
            "final_fp_so_far": 913,
            "final_fn_so_far": 1889,
            "micro_precision_so_far": 0.5533268101761253,
            "micro_recall_so_far": 0.3745033112582781,
            "micro_f1_so_far": 0.44668246445497634,
            "macro_precision_so_far": 0.5266542379020867,
            "macro_recall_so_far": 0.525095611765157,
            "macro_f1_so_far": 0.5089058658615854,
            "questions_with_f1_less_than_1": 57,
            "elapsed_seconds": 6303.658750534058,
            "done": true,
            "prompt_tokens_so_far": 915922,
            "completion_tokens_so_far": 35576,
            "total_requests_so_far": 759,
            "total_cost_so_far": 0.1587339,
            "language": "ru"
        },
        "uk": {
            "total_questions": 150,
            "processed_questions": 104,
            "skipped_questions": 46,
            "remaining_questions": 0,
            "evaluated_questions": 104,
            "final_tp_so_far": 1143,
            "final_fp_so_far": 7442,
            "final_fn_so_far": 1877,
            "micro_precision_so_far": 0.13313919627256843,
            "micro_recall_so_far": 0.378476821192053,
            "micro_f1_so_far": 0.196984058595433,
            "macro_precision_so_far": 0.49274829963213956,
            "macro_recall_so_far": 0.5315462689511083,
            "macro_f1_so_far": 0.4743102253865711,
            "questions_with_f1_less_than_1": 62,
            "elapsed_seconds": 6303.658750534058,
            "done": true,
            "prompt_tokens_so_far": 890292,
            "completion_tokens_so_far": 34173,
            "total_requests_so_far": 753,
            "total_cost_so_far": 0.15404759999999987,
            "language": "uk"
        },
        "be": {
            "total_questions": 146,
            "processed_questions": 101,
            "skipped_questions": 45,
            "remaining_questions": 0,
            "evaluated_questions": 101,
            "final_tp_so_far": 1044,
            "final_fp_so_far": 12050,
            "final_fn_so_far": 1917,
            "micro_precision_so_far": 0.07973117458377883,
            "micro_recall_so_far": 0.3525835866261398,
            "micro_f1_so_far": 0.1300529430084086,
            "macro_precision_so_far": 0.4822582508250825,
            "macro_recall_so_far": 0.47536442703235604,
            "macro_f1_so_far": 0.4640894006040654,
            "questions_with_f1_less_than_1": 60,
            "elapsed_seconds": 6303.658750534058,
            "done": true,
            "prompt_tokens_so_far": 903548,
            "completion_tokens_so_far": 33962,
            "total_requests_so_far": 739,
            "total_cost_so_far": 0.1559094,
            "language": "be"
        },
        "lt": {
            "total_questions": 140,
            "processed_questions": 98,
            "skipped_questions": 42,
            "remaining_questions": 0,
            "evaluated_questions": 98,
            "final_tp_so_far": 1153,
            "final_fp_so_far": 3767,
            "final_fn_so_far": 1855,
            "micro_precision_so_far": 0.23434959349593495,
            "micro_recall_so_far": 0.38331117021276595,
            "micro_f1_so_far": 0.29086781029263364,
            "macro_precision_so_far": 0.5191472869573976,
            "macro_recall_so_far": 0.5310683761204505,
            "macro_f1_so_far": 0.5100408962816932,
            "questions_with_f1_less_than_1": 53,
            "elapsed_seconds": 6303.658750534058,
            "done": true,
            "prompt_tokens_so_far": 803682,
            "completion_tokens_so_far": 34212,
            "total_requests_so_far": 756,
            "total_cost_so_far": 0.1410795,
            "language": "lt"
        },
        "ba": {
            "total_questions": 105,
            "processed_questions": 73,
            "skipped_questions": 32,
            "remaining_questions": 0,
            "evaluated_questions": 73,
            "final_tp_so_far": 219,
            "final_fp_so_far": 10472,
            "final_fn_so_far": 483,
            "micro_precision_so_far": 0.020484519689458424,
            "micro_recall_so_far": 0.31196581196581197,
            "micro_f1_so_far": 0.03844465900114105,
            "macro_precision_so_far": 0.31464174053182914,
            "macro_recall_so_far": 0.31347374001675987,
            "macro_f1_so_far": 0.29535504532843104,
            "questions_with_f1_less_than_1": 53,
            "elapsed_seconds": 6303.658750534058,
            "done": true,