{
    "languages": [
        "de",
        "es",
        "ru",
        "uk",
        "be",
        "lt",
        "ba"
    ],
    "elapsed_seconds": 7842.492272377014,
    "combined_tp": 4058,
    "combined_fp": 37223,
    "combined_fn": 14693,
    "combined_micro_precision": 0.0983018822218454,
    "combined_micro_recall": 0.2164151245266919,
    "combined_micro_f1": 0.13519456289978676,
    "avg_macro_precision": 0.2910038541397291,
    "avg_macro_recall": 0.289745725612793,
    "avg_macro_f1": 0.2789781941065388,
    "micro_f1_per_language": {
        "de": 0.16119348676430456,
        "es": 0.3275771847200418,
        "ru": 0.16187828236021007,
        "uk": 0.0648361200593138,
        "be": 0.2925225965488907,
        "lt": 0.17968433832456499,
        "ba": 0.04948805460750853
    },
    "macro_f1_per_language": {
        "de": 0.31091463712261763,
        "es": 0.2932566478096042,
        "ru": 0.28043613498909137,
        "uk": 0.2917169127061237,
        "be": 0.31438039392714395,
        "lt": 0.2702930161784672,
        "ba": 0.19184961601272366
    },
    "total_prompt_tokens": 0,
    "total_completion_tokens": 0,
    "total_requests": 0,
    "total_cost": 0.0,
    "per_language": {
        "de": {
            "total_questions": 150,
            "processed_questions": 104,
            "skipped_questions": 46,
            "remaining_questions": 0,
            "evaluated_questions": 104,
            "final_tp_so_far": 886,
            "final_fp_so_far": 7087,
            "final_fn_so_far": 2134,
            "micro_precision_so_far": 0.11112504703373886,
            "micro_recall_so_far": 0.2933774834437086,
            "micro_f1_so_far": 0.16119348676430456,
            "macro_precision_so_far": 0.32784962851469923,
            "macro_recall_so_far": 0.3279707680535989,
            "macro_f1_so_far": 0.31091463712261763,
            "questions_with_f1_less_than_1": 76,
            "elapsed_seconds": 7842.492272377014,
            "done": true,
            "prompt_tokens_so_far": 0,
            "completion_tokens_so_far": 0,
            "total_requests_so_far": 0,
            "total_cost_so_far": 0.0,
            "language": "de"
        },
        "es": {
            "total_questions": 150,
            "processed_questions": 104,
            "skipped_questions": 46,
            "remaining_questions": 0,
            "evaluated_questions": 104,
            "final_tp_so_far": 626,
            "final_fp_so_far": 176,
            "final_fn_so_far": 2394,
            "micro_precision_so_far": 0.7805486284289277,
            "micro_recall_so_far": 0.20728476821192052,
            "micro_f1_so_far": 0.3275771847200418,
            "macro_precision_so_far": 0.3060897435897436,
            "macro_recall_so_far": 0.2989301457545496,
            "macro_f1_so_far": 0.2932566478096042,
            "questions_with_f1_less_than_1": 76,
            "elapsed_seconds": 7842.492272377014,
            "done": true,
            "prompt_tokens_so_far": 0,
            "completion_tokens_so_far": 0,
            "total_requests_so_far": 0,
            "total_cost_so_far": 0.0,
            "language": "es"
        },
        "ru": {
            "total_questions": 150,
            "processed_questions": 104,
            "skipped_questions": 46,
            "remaining_questions": 0,
            "evaluated_questions": 104,
            "final_tp_so_far": 524,
            "final_fp_so_far": 2930,
            "final_fn_so_far": 2496,
            "micro_precision_so_far": 0.15170816444701796,
            "micro_recall_so_far": 0.17350993377483442,
            "micro_f1_so_far": 0.16187828236021007,
            "macro_precision_so_far": 0.2916666666666667,
            "macro_recall_so_far": 0.289314761139165,
            "macro_f1_so_far": 0.28043613498909137,
            "questions_with_f1_less_than_1": 78,
            "elapsed_seconds": 7842.492272377014,
            "done": true,
            "prompt_tokens_so_far": 0,
            "completion_tokens_so_far": 0,
            "total_requests_so_far": 0,
            "total_cost_so_far": 0.0,
            "language": "ru"
        },
        "uk": {
            "total_questions": 150,
            "processed_questions": 104,
            "skipped_questions": 46,
            "remaining_questions": 0,
            "evaluated_questions": 104,
            "final_tp_so_far": 634,
            "final_fp_so_far": 15903,
            "final_fn_so_far": 2386,
            "micro_precision_so_far": 0.03833827175424805,
            "micro_recall_so_far": 0.2099337748344371,
            "micro_f1_so_far": 0.0648361200593138,
            "macro_precision_so_far": 0.29905153671601037,
            "macro_recall_so_far": 0.30611102558371794,
            "macro_f1_so_far": 0.2917169127061237,
            "questions_with_f1_less_than_1": 77,
            "elapsed_seconds": 7842.492272377014,
            "done": true,
            "prompt_tokens_so_far": 0,
            "completion_tokens_so_far": 0,
            "total_requests_so_far": 0,
            "total_cost_so_far": 0.0,
            "language": "uk"
        },
        "be": {
            "total_questions": 146,
            "processed_questions": 101,
            "skipped_questions": 45,
            "remaining_questions": 0,
            "evaluated_questions": 101,
            "final_tp_so_far": 712,
            "final_fp_so_far": 1195,
            "final_fn_so_far": 2249,
            "micro_precision_so_far": 0.3733613004719455,
            "micro_recall_so_far": 0.2404593042890915,
            "micro_f1_so_far": 0.2925225965488907,
            "macro_precision_so_far": 0.3399339933993399,
            "macro_recall_so_far": 0.31857082416590626,
            "macro_f1_so_far": 0.31438039392714395,
            "questions_with_f1_less_than_1": 73,
            "elapsed_seconds": 7842.492272377014,
            "done": true,
            "prompt_tokens_so_far": 0,
            "completion_tokens_so_far": 0,
            "total_requests_so_far": 0,
            "total_cost_so_far": 0.0,
            "language": "be"
        },
        "lt": {
            "total_questions": 140,
            "processed_questions": 98,
            "skipped_questions": 42,
            "remaining_questions": 0,
            "evaluated_questions": 98,
            "final_tp_so_far": 444,
            "final_fp_so_far": 1490,
            "final_fn_so_far": 2564,
            "micro_precision_so_far": 0.2295760082730093,
            "micro_recall_so_far": 0.14760638297872342,
            "micro_f1_so_far": 0.17968433832456499,
            "macro_precision_so_far": 0.28062008815824563,
            "macro_recall_so_far": 0.2814625850340136,
            "macro_f1_so_far": 0.2702930161784672,
            "questions_with_f1_less_than_1": 73,
            "elapsed_seconds": 7842.492272377014,
            "done": true,
            "prompt_tokens_so_far": 0,
            "completion_tokens_so_far": 0,
            "total_requests_so_far": 0,
            "total_cost_so_far": 0.0,
            "language": "lt"
        },
        "ba": {
            "total_questions": 105,
            "processed_questions": 73,
            "skipped_questions": 32,
            "remaining_questions": 0,
            "evaluated_questions": 73,
            "final_tp_so_far": 232,
            "final_fp_so_far": 8442,
            "final_fn_so_far": 470,
            "micro_precision_so_far": 0.026746599031588655,
            "micro_recall_so_far": 0.33048433048433046,
            "micro_f1_so_far": 0.04948805460750853,
            "macro_precision_so_far": 0.19181532193339862,
            "macro_recall_so_far": 0.2058599695585997,
            "macro_f1_so_far": 0.19184961601272366,
            "questions_with_f1_less_than_1": 59,
            "elapsed_seconds": 7842.492272377014,
            "done": true,
            "prompt_tokens_so_far": 0,
            "completion_tokens_so_far": 0,
            "total_requests_so_far": 0,
            "total_cost_so_far": 0.0,