{
    "total_questions": 150,
    "processed_questions": 104,
    "skipped_questions": 46,
    "remaining_questions": 0,
    "evaluated_questions": 104,
    "final_tp_so_far": 1111,
    "final_fp_so_far": 949,
    "final_fn_so_far": 1909,
    "micro_precision_so_far": 0.5393203883495146,
    "micro_recall_so_far": 0.36788079470198676,
    "micro_f1_so_far": 0.4374015748031496,
    "macro_precision_so_far": 0.4861213510168146,
    "macro_recall_so_far": 0.4856582415098464,
    "macro_f1_so_far": 0.46879281170488885,
    "questions_with_f1_less_than_1": 59,
    "elapsed_seconds": 7098.391068458557,
    "done": true,
    "prompt_tokens_so_far": 976111,
    "completion_tokens_so_far": 34878,
    "total_requests_so_far": 676,
    "total_cost_so_far": 0.16734344999999992,
    "language": "uk"
}