{
    "total_questions": 150,
    "processed_questions": 104,
    "skipped_questions": 46,
    "remaining_questions": 0,
    "evaluated_questions": 104,
    "final_tp_so_far": 1093,
    "final_fp_so_far": 545,
    "final_fn_so_far": 1927,
    "micro_precision_so_far": 0.6672771672771672,
    "micro_recall_so_far": 0.3619205298013245,
    "micro_f1_so_far": 0.46930012881064836,
    "macro_precision_so_far": 0.5622764172524083,
    "macro_recall_so_far": 0.5619561232198109,
    "macro_f1_so_far": 0.5464374579463859,
    "questions_with_f1_less_than_1": 53,
    "elapsed_seconds": 814.4792647361755,
    "done": true,
    "prompt_tokens_so_far": 688122,
    "completion_tokens_so_far": 33298,
    "total_requests_so_far": 760,
    "total_cost_so_far": 0.12319709999999995
}